Model,OOF Accuracy,OOF Log Loss
Random Forest,0.8540965207631874,0.3949264454620243
Gradient Boosting,0.8383838383838383,0.40163168452338893
Logistic Regression,0.8361391694725028,0.4140885800195418
