Model,Mean Accuracy,Std Accuracy,Min Accuracy,Max Accuracy,Family Group CV Mean,Family Group CV Std,Family Group CV Min,Family Group CV Max,Random-vs-Group Gap,Ticket Group CV Mean,Ticket Group CV Std
Random Forest,0.8330954024946869,0.022061193485959536,0.7808988764044944,0.8764044943820225,0.8305065595380077,0.03054274488797953,0.7752808988764045,0.8651685393258427,0.0025888429566792714,0.8237587094344361,0.022859797488923125
Extra Trees,0.8310105185756431,0.020092816932341297,0.7640449438202247,0.8595505617977528,0.8293766869625261,0.020487538692294333,0.7921348314606742,0.8547486033519553,0.0016338316131170316,0.8215240725629277,0.018802759250449236
Logistic Regression,0.827796658805384,0.021909671979961215,0.7752808988764045,0.8707865168539326,0.8203941999874459,0.024555971117152294,0.7808988764044944,0.8491620111731844,0.007402458817938107,0.8215177954930638,0.02932845207425823
