Dataset,Family Signal Available,Ticket Signal Available
Train OOF,0.31313131313131315,0.34231200897867564
Test,0.4019138755980861,0.36363636363636365
